<?xml version="1.0" encoding="UTF-8"?>
<project-private xmlns="http://www.netbeans.org/ns/project-private/1">
    <editor-bookmarks xmlns="http://www.netbeans.org/ns/editor-bookmarks/2" lastBookmarkId="0"/>
    <open-files xmlns="http://www.netbeans.org/ns/projectui-open-files/2">
        <group>
            <file>file:/C:/Users/Asus%20VivoBook/Desktop/Compiladores/Compiladores/src/codigo/Main.java</file>
            <file>file:/C:/Users/Asus%20VivoBook/Desktop/Compiladores/Compiladores/src/codigo/Principal.java</file>
            <file>file:/C:/Users/Asus%20VivoBook/Desktop/Compiladores/Compiladores/src/codigo/Partido.java</file>
            <file>file:/C:/Users/Asus%20VivoBook/Desktop/Compiladores/Compiladores/src/codigo/Tokens.java</file>
            <file>file:/C:/Users/Asus%20VivoBook/Desktop/Compiladores/Compiladores/src/codigo/Lexer.flex</file>
        </group>
    </open-files>
</project-private>
